<?xml version="1.0" encoding="utf-8"?>
<xd:acceleratorMap xmlns:xd="http://www.xilinx.com/xidane" xd:functionName="drawFlatTriangle" xd:componentRef="drawFlatTriangle" xd:initiationInterval="x" xd:clockPeriod="10.000000" xd:sequential="true" xd:hostMachine="64" xd:reset="control">
  <xd:controlReg xd:name="control" xd:interfaceRef="ap_ctrl" xd:busTypeRef="acc_handshake" xd:type="acc_handshake"/>
  <xd:arg xd:name="*(vram)" xd:originalName="vram" xd:direction="inout" xd:interfaceRef="m_axi_gmem" xd:busTypeRef="aximm" xd:arraySize="307200" xd:dataWidth="16" xd:bufferDirection="out"/>
  <xd:arg xd:name="vram" xd:originalName="vram" xd:direction="in" xd:interfaceRef="s_axi_AXILiteS" xd:busTypeRef="axilite" xd:aximmInterfaceRef="m_axi_gmem" xd:dataWidth="32" xd:offset="0x10" xd:handshakeRef="ap_none"/>
  <xd:arg xd:name="x1" xd:originalName="x1" xd:direction="in" xd:interfaceRef="x1" xd:busTypeRef="register" xd:handshakeRef="ap_none" xd:dataWidth="16"/>
  <xd:arg xd:name="y1" xd:originalName="y1" xd:direction="in" xd:interfaceRef="y1" xd:busTypeRef="register" xd:handshakeRef="ap_none" xd:dataWidth="16"/>
  <xd:arg xd:name="x2" xd:originalName="x2" xd:direction="in" xd:interfaceRef="x2" xd:busTypeRef="register" xd:handshakeRef="ap_none" xd:dataWidth="16"/>
  <xd:arg xd:name="y2" xd:originalName="y2" xd:direction="in" xd:interfaceRef="y2" xd:busTypeRef="register" xd:handshakeRef="ap_none" xd:dataWidth="16"/>
  <xd:arg xd:name="x3" xd:originalName="x3" xd:direction="in" xd:interfaceRef="x3" xd:busTypeRef="register" xd:handshakeRef="ap_none" xd:dataWidth="16"/>
  <xd:arg xd:name="c1" xd:originalName="c1" xd:direction="in" xd:interfaceRef="c1" xd:busTypeRef="register" xd:handshakeRef="ap_none" xd:dataWidth="16"/>
  <xd:arg xd:name="c2" xd:originalName="c2" xd:direction="in" xd:interfaceRef="c2" xd:busTypeRef="register" xd:handshakeRef="ap_none" xd:dataWidth="16"/>
  <xd:arg xd:name="c3" xd:originalName="c3" xd:direction="in" xd:interfaceRef="c3" xd:busTypeRef="register" xd:handshakeRef="ap_none" xd:dataWidth="16"/>
  <xd:latencyEstimates xd:best-case="undef" xd:worst-case="undef" xd:average-case="undef"/>
  <xd:resourceEstimates xd:LUT="2362" xd:FF="1452" xd:BRAM="2" xd:DSP="0"/>
</xd:acceleratorMap>
